{
  "updated": "2025-12-24 12:47:06",
  "setu": [
    {
      "file": "39.html",
      "caption": ""
    },
    {
      "file": "38.html",
      "caption": ""
    },
    {
      "file": "37.html",
      "caption": ""
    },
    {
      "file": "36.html",
      "caption": ""
    },
    {
      "file": "35.html",
      "caption": ""
    },
    {
      "file": "34.html",
      "caption": ""
    },
    {
      "file": "33.html",
      "caption": ""
    },
    {
      "file": "32.html",
      "caption": ""
    },
    {
      "file": "31.html",
      "caption": ""
    },
    {
      "file": "30.html",
      "caption": ""
    },
    {
      "file": "29.html",
      "caption": "ビッチな淫姉さまぁ #1"
    },
    {
      "file": "28.html",
      "caption": ""
    },
    {
      "file": "27.html",
      "caption": ""
    },
    {
      "file": "26.html",
      "caption": ""
    },
    {
      "file": "25.html",
      "caption": ""
    },
    {
      "file": "24.html",
      "caption": ""
    },
    {
      "file": "23.html",
      "caption": ""
    },
    {
      "file": "22.html",
      "caption": ""
    },
    {
      "file": "21.html",
      "caption": ""
    },
    {
      "file": "20.html",
      "caption": ""
    },
    {
      "file": "19.html",
      "caption": ""
    },
    {
      "file": "18.html",
      "caption": ""
    },
    {
      "file": "17.html",
      "caption": ""
    },
    {
      "file": "16.html",
      "caption": ""
    },
    {
      "file": "15.html",
      "caption": ""
    },
    {
      "file": "14.html",
      "caption": ""
    },
    {
      "file": "13.html",
      "caption": ""
    },
    {
      "file": "12.html",
      "caption": ""
    },
    {
      "file": "10.html",
      "caption": ""
    },
    {
      "file": "9.html",
      "caption": ""
    },
    {
      "file": "8.html",
      "caption": ""
    },
    {
      "file": "7.html",
      "caption": ""
    },
    {
      "file": "6.html",
      "caption": ""
    },
    {
      "file": "5.html",
      "caption": ""
    },
    {
      "file": "4.html",
      "caption": ""
    },
    {
      "file": "3.html",
      "caption": ""
    },
    {
      "file": "2.html",
      "caption": ""
    },
    {
      "file": "1.html",
      "caption": ""
    },
    {
      "file": "tb11.html",
      "caption": ""
    }
  ],
  "zrsetu": [
    {
      "file": "141.html",
      "caption": "# yuuhui玉汇 - 女仆假日"
    },
    {
      "file": "140.html",
      "caption": "# Yeha - [Pure Media] Vol.260 Stick my tail in the hole"
    },
    {
      "file": "139.html",
      "caption": "# Tsubaki Album Black Corset FullSize"
    },
    {
      "file": "138.html",
      "caption": "# PoppaChan - Coco Kiryuu (Hololive)"
    },
    {
      "file": "137.html",
      "caption": "# PoppaChan - Artoria Pendragon (Fate)"
    },
    {
      "file": "136.html",
      "caption": "# rioko凉凉子 - 碧蓝航线 近江 & 浅间"
    },
    {
      "file": "135.html",
      "caption": "# 年年 - 兔女郎番外篇 & 布丁大法 - 小蛋糕"
    },
    {
      "file": "134.html",
      "caption": "# 鹿八岁baby - No.076 花想容"
    },
    {
      "file": "133.html",
      "caption": "# Pure_Media Vol_300"
    },
    {
      "file": "132.html",
      "caption": "# Bangni邦尼 - No.053 男友衬衫"
    },
    {
      "file": "131.html",
      "caption": "# Pure_Media Vol_305"
    },
    {
      "file": "130.html",
      "caption": "# 日奈娇 - 下班的OL"
    },
    {
      "file": "129.html",
      "caption": "# 日奈娇 - 合欢宗圣女 & 教师灰丝"
    },
    {
      "file": "128.html",
      "caption": "# 咬一口兔娘Yiko湿润兔 -『浮枕朝颜_梦见月瑞希』红昭愿"
    },
    {
      "file": "127.html",
      "caption": "# 咬一口兔娘Yiko湿润兔 - 泥醉姉"
    },
    {
      "file": "126.html",
      "caption": "# 抱走莫子aa - 情人节限定-情迷"
    },
    {
      "file": "125.html",
      "caption": "# 云溪溪 - 奶桃桃×奈汐酱nice 花眠"
    },
    {
      "file": "124.html",
      "caption": "# 霜月shimo - 喜多川海梦 My Dress-Up"
    },
    {
      "file": "123.html",
      "caption": "# 神沢永莉 - 就这样圈住我吧"
    },
    {
      "file": "122.html",
      "caption": "# 桜井宁宁 - 眼镜OL"
    },
    {
      "file": "121.html",
      "caption": "# 云溪溪 - 奶桃桃＆奈汐酱nice - 墨朱"
    },
    {
      "file": "120.html",
      "caption": "# 年年 - 护士长の秘密"
    },
    {
      "file": "119.html",
      "caption": "# 蜜汁猫裘 - 柴郡花嫁"
    },
    {
      "file": "118.html",
      "caption": "# ARTGRAVIA - VOL.370"
    },
    {
      "file": "117.html",
      "caption": "# 蠢沫沫 - 透明护士"
    },
    {
      "file": "116.html",
      "caption": "# 禅院熏 - 夏日熏"
    },
    {
      "file": "115.html",
      "caption": "# 蠢沫沫 - 沫沫真爱版 圣天使"
    },
    {
      "file": "114.html",
      "caption": "# 清水由乃 - 荷叶粽"
    },
    {
      "file": "113.html",
      "caption": "# 咬一口兔娘_25年11月月票特典 - 加班秘书"
    },
    {
      "file": "112.html",
      "caption": "# yuuhui玉汇 - 幻蝶"
    },
    {
      "file": "111.html",
      "caption": "# 桜井宁宁 – 2025年11月会员订阅"
    },
    {
      "file": "110.html",
      "caption": "# 眼酱大魔王w - 热风"
    },
    {
      "file": "109.html",
      "caption": "# 梨霜儿 - 粉色礼服"
    },
    {
      "file": "108.html",
      "caption": "# けん研（けんけん）_FantiaDL写真集_KURO_Animals"
    },
    {
      "file": "107.html",
      "caption": "# 桜井宁宁 - 25年10月会员订阅系列"
    },
    {
      "file": "106.html",
      "caption": "# Yiko湿润兔 – 12月辐射_灰烬余生"
    },
    {
      "file": "105.html",
      "caption": "#PuyPuy_Chan - FGO：阿比盖尔 Abigail"
    },
    {
      "file": "104.html",
      "caption": "# Pure Media_Bada 이바다 - My Girl Friend"
    },
    {
      "file": "103.html",
      "caption": "# 星之迟迟_2025年06月计划G_热心的邻居姐姐"
    },
    {
      "file": "102.html",
      "caption": "# Yiko湿润兔 – 25年11月订阅作品『公主小妹』"
    },
    {
      "file": "101.html",
      "caption": "# 可可小白兔 - 意乱情迷の温泉之旅"
    },
    {
      "file": "100.html",
      "caption": "# neko酱 - 可爱乖巧学妹"
    },
    {
      "file": "99.html",
      "caption": "# 鱼子酱Fish - &杏子 最新双人演绎"
    },
    {
      "file": "98.html",
      "caption": "# 咬一口兔娘Yiko湿润兔 - 田舍生活"
    },
    {
      "file": "97.html",
      "caption": "# yuuhui玉汇 - 午夜治疗"
    },
    {
      "file": "96.html",
      "caption": "# 布丁大法 - [Perohub]25年05月订阅"
    },
    {
      "file": "95.html",
      "caption": "# 李佳 - 户外皮衣"
    },
    {
      "file": "94.html",
      "caption": "# 桜井宁宁 - 白丝修女"
    },
    {
      "file": "93.html",
      "caption": "# Pure_Media_Hina_히나_Share_My_Girlfriend"
    },
    {
      "file": "92.html",
      "caption": "# Ahae & Rua – ArtGravia"
    },
    {
      "file": "91.html",
      "caption": "# Pure_Media_Jelly_젤리_Is_Watching_Ero_Animation"
    },
    {
      "file": "90.html",
      "caption": "# Hina (히나) - Bitxx Training Outdoors"
    },
    {
      "file": "89.html",
      "caption": "# 桜井宁宁 - 风纪委员"
    },
    {
      "file": "88.html",
      "caption": "# 面饼仙儿 - 白色旗袍"
    },
    {
      "file": "87.html",
      "caption": "# 布丁大法_Perohub25年09月订阅作品"
    },
    {
      "file": "86.html",
      "caption": "# 李研雨 - Yeon_Woo_연우_Slip"
    },
    {
      "file": "85.html",
      "caption": "# 布丁大法_Perohub25年06月订阅作品8套"
    },
    {
      "file": "84.html",
      "caption": "# Bangni邦尼 - 埃及公主"
    },
    {
      "file": "83.html",
      "caption": "# 李素英（쏘블리） - leeesovely_Secret_Pictorial_2025_March"
    },
    {
      "file": "82.html",
      "caption": "# 梨霜儿&金允希 - 蜘蛛侠"
    },
    {
      "file": "81.html",
      "caption": "# Machi&小丁 温泉双人篇"
    },
    {
      "file": "80.html",
      "caption": "# 蠢沫沫x桃良阿宅 - 莉可莉丝"
    },
    {
      "file": "79.html",
      "caption": "# 落落Raku - 同級生の秘密"
    },
    {
      "file": "78.html",
      "caption": "# 星之迟迟 - 八月计划G"
    },
    {
      "file": "77.html",
      "caption": "# 蠢沫沫 & 桃良阿宅 - 同桌的你"
    },
    {
      "file": "76.html",
      "caption": "# 梨霜儿 - 电竞少女"
    },
    {
      "file": "75.html",
      "caption": "# Inkyung (강인경) - Girlfriend"
    },
    {
      "file": "74.html",
      "caption": "# Bangni邦尼 - 油润恶魔"
    },
    {
      "file": "73.html",
      "caption": "# yuuhui玉汇 - 粉兔束缚"
    },
    {
      "file": "72.html",
      "caption": "# 孙乐乐- Pure Media Vol.127"
    },
    {
      "file": "71.html",
      "caption": "# 神楽坂真冬 - 白丝兔绒"
    },
    {
      "file": "70.html",
      "caption": "# Janpan HDV"
    },
    {
      "file": "69.html",
      "caption": "# Tunlita - Vietnamese model"
    },
    {
      "file": "68.html",
      "caption": "# JVID-阿黎 - 光明黑暗吞噬塔罗少女"
    },
    {
      "file": "67.html",
      "caption": "# 桜井宁宁 - 失眠冲剂 搬运工"
    },
    {
      "file": "66.html",
      "caption": "# Vinnegal - Zelda"
    },
    {
      "file": "65.html",
      "caption": "# 清妙 - 湿身戏水"
    },
    {
      "file": "64.html",
      "caption": "# yuuhui玉汇 - 末影人"
    },
    {
      "file": "63.html",
      "caption": "# 年年 - 霓裳"
    },
    {
      "file": "62.html",
      "caption": "# 桜井宁宁 - 纯白花嫁"
    },
    {
      "file": "61.html",
      "caption": "# 布丁大法 - 万圣节 幽灵小姐"
    },
    {
      "file": "60.html",
      "caption": "# 肉包Mini - 沈迷色色の可愛女友"
    },
    {
      "file": "59.html",
      "caption": "# 有喵酱 - 白の絲"
    },
    {
      "file": "58.html",
      "caption": "# 桜井宁宁 - 关于我家可爱的女仆"
    },
    {
      "file": "57.html",
      "caption": "# PoppaChan - 卡提希娅Cartethyia"
    },
    {
      "file": "56.html",
      "caption": "# Bangni邦尼 - 灰色毛衣"
    },
    {
      "file": "55.html",
      "caption": "# 高桥千凛 - 蓝莓果酱"
    },
    {
      "file": "54.html",
      "caption": "# 呆呆Misa - 卡提希娅"
    },
    {
      "file": "53.html",
      "caption": "# Serena"
    },
    {
      "file": "52.html",
      "caption": "# yuuhui玉汇 - 柳如烟"
    },
    {
      "file": "51.html",
      "caption": "# 奈汐酱nice - 金笺寄月"
    },
    {
      "file": "50.html",
      "caption": "# 六味帝皇酱 - 幼稚园随拍"
    },
    {
      "file": "49.html",
      "caption": "# #慕慕Momo - 纳西妲"
    },
    {
      "file": "48.html",
      "caption": "# 布丁大法 - 白发女友"
    },
    {
      "file": "47.html",
      "caption": "# 六味帝皇酱 - 五一假日女友"
    },
    {
      "file": "46.html",
      "caption": "# 浅安安 - 浴"
    },
    {
      "file": "45.html",
      "caption": "# 六味帝皇酱 - 午后的少女"
    },
    {
      "file": "44.html",
      "caption": "# 六味帝皇酱 - 小艺LOX洛丽塔"
    },
    {
      "file": "43.html",
      "caption": "# 六味帝皇酱 - 厕所JK"
    },
    {
      "file": "42.html",
      "caption": "# 梨霜儿 - 黑胶唱片"
    },
    {
      "file": "41.html",
      "caption": "# 日奈娇 - 前妻"
    },
    {
      "file": "40.html",
      "caption": "# LEEHEE EXPRESS LERB-093 Na Kyung"
    },
    {
      "file": "39.html",
      "caption": ""
    },
    {
      "file": "38.html",
      "caption": ""
    },
    {
      "file": "37.html",
      "caption": ""
    },
    {
      "file": "36.html",
      "caption": ""
    },
    {
      "file": "35.html",
      "caption": ""
    },
    {
      "file": "34.html",
      "caption": ""
    },
    {
      "file": "33.html",
      "caption": ""
    },
    {
      "file": "32.html",
      "caption": ""
    },
    {
      "file": "31.html",
      "caption": ""
    },
    {
      "file": "30.html",
      "caption": ""
    },
    {
      "file": "29.html",
      "caption": ""
    },
    {
      "file": "28.html",
      "caption": ""
    },
    {
      "file": "27.html",
      "caption": ""
    },
    {
      "file": "26.html",
      "caption": ""
    },
    {
      "file": "25.html",
      "caption": ""
    },
    {
      "file": "24.html",
      "caption": ""
    },
    {
      "file": "23.html",
      "caption": ""
    },
    {
      "file": "22.html",
      "caption": ""
    },
    {
      "file": "21.html",
      "caption": ""
    },
    {
      "file": "20.html",
      "caption": ""
    },
    {
      "file": "19.html",
      "caption": ""
    },
    {
      "file": "18.html",
      "caption": ""
    },
    {
      "file": "17.html",
      "caption": ""
    },
    {
      "file": "16.html",
      "caption": ""
    },
    {
      "file": "15.html",
      "caption": ""
    },
    {
      "file": "14.html",
      "caption": ""
    },
    {
      "file": "13.html",
      "caption": ""
    },
    {
      "file": "12.html",
      "caption": ""
    },
    {
      "file": "11.html",
      "caption": ""
    },
    {
      "file": "10.html",
      "caption": ""
    },
    {
      "file": "9.html",
      "caption": ""
    },
    {
      "file": "8.html",
      "caption": ""
    },
    {
      "file": "7.html",
      "caption": ""
    },
    {
      "file": "6.html",
      "caption": ""
    },
    {
      "file": "5.html",
      "caption": ""
    },
    {
      "file": "4.html",
      "caption": ""
    },
    {
      "file": "3.html",
      "caption": ""
    },
    {
      "file": "2.html",
      "caption": ""
    },
    {
      "file": "1.html",
      "caption": ""
    }
  ]
}